"hegegemeinschaft_name";"hegegemeinschaft_id";"revier_name";"revier_id";"ansprechpartner_name";"ansprechpartner_rolle";"telefon";"email";"stellvertreter_name";"stellvertreter_telefon";"stellvertreter_email";"notizen";"parcel_ids"
"Hegegemeinschaft Ansbach";"hg-ansbach";"Brünst";"revier-ansbach-bruensst";"HG-Team hg-ansbach";"Hegegemeinschaftsleiter";"+49 0000 000000";"kontakt+hg-ansbach@example.invalid";"Stellv. Team hg-ansbach";"+49 0000 000001";"stellv+hg-ansbach@example.invalid";"Anonymisierte Mock-Kontaktdaten fuer oeffentliches Repo.";""
"Hegegemeinschaft Ansbach";"hg-ansbach";"Grüb";"revier-ansbach-grueb";"HG-Team hg-ansbach";"Hegegemeinschaftsleiter";"+49 0000 000000";"kontakt+hg-ansbach@example.invalid";"Stellv. Team hg-ansbach";"+49 0000 000001";"stellv+hg-ansbach@example.invalid";"Anonymisierte Mock-Kontaktdaten fuer oeffentliches Repo.";""
"Hegegemeinschaft Ansbach";"hg-ansbach";"Hessbach";"revier-ansbach-hessbach";"HG-Team hg-ansbach";"Hegegemeinschaftsleiter";"+49 0000 000000";"kontakt+hg-ansbach@example.invalid";"Stellv. Team hg-ansbach";"+49 0000 000001";"stellv+hg-ansbach@example.invalid";"Anonymisierte Mock-Kontaktdaten fuer oeffentliches Repo.";""
"Hegegemeinschaft Ansbach";"hg-ansbach";"Lehrberg";"revier-ansbach-lehrberg";"HG-Team hg-ansbach";"Hegegemeinschaftsleiter";"+49 0000 000000";"kontakt+hg-ansbach@example.invalid";"Stellv. Team hg-ansbach";"+49 0000 000001";"stellv+hg-ansbach@example.invalid";"Anonymisierte Mock-Kontaktdaten fuer oeffentliches Repo.";""
"Hegegemeinschaft Ansbach";"hg-ansbach";"Vestenberg";"revier-ansbach-vestenberg";"HG-Team hg-ansbach";"Hegegemeinschaftsleiter";"+49 0000 000000";"kontakt+hg-ansbach@example.invalid";"Stellv. Team hg-ansbach";"+49 0000 000001";"stellv+hg-ansbach@example.invalid";"Anonymisierte Mock-Kontaktdaten fuer oeffentliches Repo.";""
"Hegegemeinschaft Ansbach";"hg-ansbach";"Thurndorf";"revier-ansbach-thurndorf";"HG-Team hg-ansbach";"Hegegemeinschaftsleiter";"+49 0000 000000";"kontakt+hg-ansbach@example.invalid";"Stellv. Team hg-ansbach";"+49 0000 000001";"stellv+hg-ansbach@example.invalid";"Anonymisierte Mock-Kontaktdaten fuer oeffentliches Repo.";""
"Hegegemeinschaft Ansbach";"hg-ansbach";"Wernsbach";"revier-ansbach-wernsbach";"HG-Team hg-ansbach";"Hegegemeinschaftsleiter";"+49 0000 000000";"kontakt+hg-ansbach@example.invalid";"Stellv. Team hg-ansbach";"+49 0000 000001";"stellv+hg-ansbach@example.invalid";"Anonymisierte Mock-Kontaktdaten fuer oeffentliches Repo.";""
"Hegegemeinschaft Ansbach";"hg-ansbach";"Bernhardswinden";"revier-ansbach-bernhardswinden";"HG-Team hg-ansbach";"Hegegemeinschaftsleiter";"+49 0000 000000";"kontakt+hg-ansbach@example.invalid";"Stellv. Team hg-ansbach";"+49 0000 000001";"stellv+hg-ansbach@example.invalid";"Anonymisierte Mock-Kontaktdaten fuer oeffentliches Repo.";""
"Hegegemeinschaft Ansbach";"hg-ansbach";"Brodswinden";"revier-ansbach-brodswinden";"HG-Team hg-ansbach";"Hegegemeinschaftsleiter";"+49 0000 000000";"kontakt+hg-ansbach@example.invalid";"Stellv. Team hg-ansbach";"+49 0000 000001";"stellv+hg-ansbach@example.invalid";"Anonymisierte Mock-Kontaktdaten fuer oeffentliches Repo.";""
"Hegegemeinschaft Ansbach";"hg-ansbach";"Claffheim";"revier-ansbach-claffheim";"HG-Team hg-ansbach";"Hegegemeinschaftsleiter";"+49 0000 000000";"kontakt+hg-ansbach@example.invalid";"Stellv. Team hg-ansbach";"+49 0000 000001";"stellv+hg-ansbach@example.invalid";"Anonymisierte Mock-Kontaktdaten fuer oeffentliches Repo.";""
"Hegegemeinschaft Ansbach";"hg-ansbach";"Elpersdorf";"revier-ansbach-elpersdorf";"HG-Team hg-ansbach";"Hegegemeinschaftsleiter";"+49 0000 000000";"kontakt+hg-ansbach@example.invalid";"Stellv. Team hg-ansbach";"+49 0000 000001";"stellv+hg-ansbach@example.invalid";"Anonymisierte Mock-Kontaktdaten fuer oeffentliches Repo.";""
"Hegegemeinschaft Ansbach";"hg-ansbach";"Hennenbach";"revier-ansbach-hennenbach";"HG-Team hg-ansbach";"Hegegemeinschaftsleiter";"+49 0000 000000";"kontakt+hg-ansbach@example.invalid";"Stellv. Team hg-ansbach";"+49 0000 000001";"stellv+hg-ansbach@example.invalid";"Anonymisierte Mock-Kontaktdaten fuer oeffentliches Repo.";""
"Hegegemeinschaft Ansbach";"hg-ansbach";"Eyb";"revier-ansbach-eyb";"HG-Team hg-ansbach";"Hegegemeinschaftsleiter";"+49 0000 000000";"kontakt+hg-ansbach@example.invalid";"Stellv. Team hg-ansbach";"+49 0000 000001";"stellv+hg-ansbach@example.invalid";"Anonymisierte Mock-Kontaktdaten fuer oeffentliches Repo.";""
"Hegegemeinschaft Ansbach";"hg-ansbach";"Neuses";"revier-ansbach-neuses";"HG-Team hg-ansbach";"Hegegemeinschaftsleiter";"+49 0000 000000";"kontakt+hg-ansbach@example.invalid";"Stellv. Team hg-ansbach";"+49 0000 000001";"stellv+hg-ansbach@example.invalid";"Anonymisierte Mock-Kontaktdaten fuer oeffentliches Repo.";""
"Hegegemeinschaft Ansbach";"hg-ansbach";"Schalkhausen";"revier-ansbach-schalkhausen";"HG-Team hg-ansbach";"Hegegemeinschaftsleiter";"+49 0000 000000";"kontakt+hg-ansbach@example.invalid";"Stellv. Team hg-ansbach";"+49 0000 000001";"stellv+hg-ansbach@example.invalid";"Anonymisierte Mock-Kontaktdaten fuer oeffentliches Repo.";""
"Hegegemeinschaft Ansbach";"hg-ansbach";"Brünst Eigenjagd";"revier-ansbach-bruensst-eigenjagd";"HG-Team hg-ansbach";"Hegegemeinschaftsleiter";"+49 0000 000000";"kontakt+hg-ansbach@example.invalid";"Stellv. Team hg-ansbach";"+49 0000 000001";"stellv+hg-ansbach@example.invalid";"Anonymisierte Mock-Kontaktdaten fuer oeffentliches Repo.";""
"Hegegemeinschaft Ansbach";"hg-ansbach";"Feuchtlach";"revier-ansbach-feuchtlach";"HG-Team hg-ansbach";"Hegegemeinschaftsleiter";"+49 0000 000000";"kontakt+hg-ansbach@example.invalid";"Stellv. Team hg-ansbach";"+49 0000 000001";"stellv+hg-ansbach@example.invalid";"Anonymisierte Mock-Kontaktdaten fuer oeffentliches Repo.";""
"Hegegemeinschaft Ansbach";"hg-ansbach";"Rotheberg";"revier-ansbach-rotheberg";"HG-Team hg-ansbach";"Hegegemeinschaftsleiter";"+49 0000 000000";"kontakt+hg-ansbach@example.invalid";"Stellv. Team hg-ansbach";"+49 0000 000001";"stellv+hg-ansbach@example.invalid";"Anonymisierte Mock-Kontaktdaten fuer oeffentliches Repo.";""
"Hegegemeinschaft Ansbach";"hg-ansbach";"Schönfeld";"revier-ansbach-schoenfeld";"HG-Team hg-ansbach";"Hegegemeinschaftsleiter";"+49 0000 000000";"kontakt+hg-ansbach@example.invalid";"Stellv. Team hg-ansbach";"+49 0000 000001";"stellv+hg-ansbach@example.invalid";"Anonymisierte Mock-Kontaktdaten fuer oeffentliches Repo.";""
"Hegegemeinschaft Ansbach";"hg-ansbach";"Bocksberg";"revier-ansbach-bocksberg";"HG-Team hg-ansbach";"Hegegemeinschaftsleiter";"+49 0000 000000";"kontakt+hg-ansbach@example.invalid";"Stellv. Team hg-ansbach";"+49 0000 000001";"stellv+hg-ansbach@example.invalid";"Anonymisierte Mock-Kontaktdaten fuer oeffentliches Repo.";""
"Hegegemeinschaft Ansbach";"hg-ansbach";"Stadtwald";"revier-ansbach-stadtwald";"HG-Team hg-ansbach";"Hegegemeinschaftsleiter";"+49 0000 000000";"kontakt+hg-ansbach@example.invalid";"Stellv. Team hg-ansbach";"+49 0000 000001";"stellv+hg-ansbach@example.invalid";"Anonymisierte Mock-Kontaktdaten fuer oeffentliches Repo.";""
"Hegegemeinschaft Ansbach";"hg-ansbach";"Urlas";"revier-ansbach-urlas";"HG-Team hg-ansbach";"Hegegemeinschaftsleiter";"+49 0000 000000";"kontakt+hg-ansbach@example.invalid";"Stellv. Team hg-ansbach";"+49 0000 000001";"stellv+hg-ansbach@example.invalid";"Anonymisierte Mock-Kontaktdaten fuer oeffentliches Repo.";""
"Hegegemeinschaft Colmberg";"hg-colmberg";"Auerbach";"revier-colmberg-auerbach";"HG-Team hg-colmberg";"Hegegemeinschaftsleiter";"+49 0000 000000";"kontakt+hg-colmberg@example.invalid";"Stellv. Team hg-colmberg";"+49 0000 000001";"stellv+hg-colmberg@example.invalid";"Anonymisierte Mock-Kontaktdaten fuer oeffentliches Repo.";""
"Hegegemeinschaft Colmberg";"hg-colmberg";"Colmberg Ost";"revier-colmberg-ost";"HG-Team hg-colmberg";"Hegegemeinschaftsleiter";"+49 0000 000000";"kontakt+hg-colmberg@example.invalid";"Stellv. Team hg-colmberg";"+49 0000 000001";"stellv+hg-colmberg@example.invalid";"Anonymisierte Mock-Kontaktdaten fuer oeffentliches Repo.";""
"Hegegemeinschaft Colmberg";"hg-colmberg";"Colmberg West";"revier-colmberg-west";"HG-Team hg-colmberg";"Hegegemeinschaftsleiter";"+49 0000 000000";"kontakt+hg-colmberg@example.invalid";"Stellv. Team hg-colmberg";"+49 0000 000001";"stellv+hg-colmberg@example.invalid";"Anonymisierte Mock-Kontaktdaten fuer oeffentliches Repo.";""
"Hegegemeinschaft Colmberg";"hg-colmberg";"Mittelramstadt";"revier-colmberg-mittelramstadt";"HG-Team hg-colmberg";"Hegegemeinschaftsleiter";"+49 0000 000000";"kontakt+hg-colmberg@example.invalid";"Stellv. Team hg-colmberg";"+49 0000 000001";"stellv+hg-colmberg@example.invalid";"Anonymisierte Mock-Kontaktdaten fuer oeffentliches Repo.";""
"Hegegemeinschaft Colmberg";"hg-colmberg";"Oberdachstetten";"revier-colmberg-oberdachstetten";"HG-Team hg-colmberg";"Hegegemeinschaftsleiter";"+49 0000 000000";"kontakt+hg-colmberg@example.invalid";"Stellv. Team hg-colmberg";"+49 0000 000001";"stellv+hg-colmberg@example.invalid";"Anonymisierte Mock-Kontaktdaten fuer oeffentliches Repo.";""
"Hegegemeinschaft Colmberg";"hg-colmberg";"Obersulzbach";"revier-colmberg-obersulzbach";"HG-Team hg-colmberg";"Hegegemeinschaftsleiter";"+49 0000 000000";"kontakt+hg-colmberg@example.invalid";"Stellv. Team hg-colmberg";"+49 0000 000001";"stellv+hg-colmberg@example.invalid";"Anonymisierte Mock-Kontaktdaten fuer oeffentliches Repo.";""
"Hegegemeinschaft Colmberg";"hg-colmberg";"Zailach";"revier-colmberg-zailach";"HG-Team hg-colmberg";"Hegegemeinschaftsleiter";"+49 0000 000000";"kontakt+hg-colmberg@example.invalid";"Stellv. Team hg-colmberg";"+49 0000 000001";"stellv+hg-colmberg@example.invalid";"Anonymisierte Mock-Kontaktdaten fuer oeffentliches Repo.";""
"Hegegemeinschaft Colmberg";"hg-colmberg";"Rammersdorf I";"revier-colmberg-rammersdorf-1";"HG-Team hg-colmberg";"Hegegemeinschaftsleiter";"+49 0000 000000";"kontakt+hg-colmberg@example.invalid";"Stellv. Team hg-colmberg";"+49 0000 000001";"stellv+hg-colmberg@example.invalid";"Anonymisierte Mock-Kontaktdaten fuer oeffentliches Repo.";""
"Hegegemeinschaft Colmberg";"hg-colmberg";"Zobelholz";"revier-colmberg-zobelholz";"HG-Team hg-colmberg";"Hegegemeinschaftsleiter";"+49 0000 000000";"kontakt+hg-colmberg@example.invalid";"Stellv. Team hg-colmberg";"+49 0000 000001";"stellv+hg-colmberg@example.invalid";"Anonymisierte Mock-Kontaktdaten fuer oeffentliches Repo.";""
"Hegegemeinschaft Colmberg";"hg-colmberg";"Fichtholz/Eichelberg";"revier-colmberg-fichtholz-eichelberg";"HG-Team hg-colmberg";"Hegegemeinschaftsleiter";"+49 0000 000000";"kontakt+hg-colmberg@example.invalid";"Stellv. Team hg-colmberg";"+49 0000 000001";"stellv+hg-colmberg@example.invalid";"Anonymisierte Mock-Kontaktdaten fuer oeffentliches Repo.";""
"Hegegemeinschaft Colmberg";"hg-colmberg";"Eberstall";"revier-colmberg-eberstall";"HG-Team hg-colmberg";"Hegegemeinschaftsleiter";"+49 0000 000000";"kontakt+hg-colmberg@example.invalid";"Stellv. Team hg-colmberg";"+49 0000 000001";"stellv+hg-colmberg@example.invalid";"Anonymisierte Mock-Kontaktdaten fuer oeffentliches Repo.";""
"Hegegemeinschaft Bruckberg";"hg-bruckberg";"Bruckberg";"revier-bruckberg-bruckberg";"HG-Team hg-bruckberg";"Hegegemeinschaftsleiter";"+49 0000 000000";"kontakt+hg-bruckberg@example.invalid";"Stellv. Team hg-bruckberg";"+49 0000 000001";"stellv+hg-bruckberg@example.invalid";"Anonymisierte Mock-Kontaktdaten fuer oeffentliches Repo.";""
"Hegegemeinschaft Bruckberg";"hg-bruckberg";"Forst";"revier-bruckberg-forst";"HG-Team hg-bruckberg";"Hegegemeinschaftsleiter";"+49 0000 000000";"kontakt+hg-bruckberg@example.invalid";"Stellv. Team hg-bruckberg";"+49 0000 000001";"stellv+hg-bruckberg@example.invalid";"Anonymisierte Mock-Kontaktdaten fuer oeffentliches Repo.";""
"Hegegemeinschaft Bruckberg";"hg-bruckberg";"Großhaslach";"revier-bruckberg-grosshaslach";"HG-Team hg-bruckberg";"Hegegemeinschaftsleiter";"+49 0000 000000";"kontakt+hg-bruckberg@example.invalid";"Stellv. Team hg-bruckberg";"+49 0000 000001";"stellv+hg-bruckberg@example.invalid";"Anonymisierte Mock-Kontaktdaten fuer oeffentliches Repo.";""
"Hegegemeinschaft Bruckberg";"hg-bruckberg";"Höfstetten";"revier-bruckberg-hoefstetten";"HG-Team hg-bruckberg";"Hegegemeinschaftsleiter";"+49 0000 000000";"kontakt+hg-bruckberg@example.invalid";"Stellv. Team hg-bruckberg";"+49 0000 000001";"stellv+hg-bruckberg@example.invalid";"Anonymisierte Mock-Kontaktdaten fuer oeffentliches Repo.";""
"Hegegemeinschaft Bruckberg";"hg-bruckberg";"Kleinhaslach";"revier-bruckberg-kleinhaslach";"HG-Team hg-bruckberg";"Hegegemeinschaftsleiter";"+49 0000 000000";"kontakt+hg-bruckberg@example.invalid";"Stellv. Team hg-bruckberg";"+49 0000 000001";"stellv+hg-bruckberg@example.invalid";"Anonymisierte Mock-Kontaktdaten fuer oeffentliches Repo.";""
"Hegegemeinschaft Bruckberg";"hg-bruckberg";"Kehlmünz";"revier-bruckberg-kehlmuenz";"HG-Team hg-bruckberg";"Hegegemeinschaftsleiter";"+49 0000 000000";"kontakt+hg-bruckberg@example.invalid";"Stellv. Team hg-bruckberg";"+49 0000 000001";"stellv+hg-bruckberg@example.invalid";"Anonymisierte Mock-Kontaktdaten fuer oeffentliches Repo.";""
"Hegegemeinschaft Bruckberg";"hg-bruckberg";"Weihenzell";"revier-bruckberg-weihenzell";"HG-Team hg-bruckberg";"Hegegemeinschaftsleiter";"+49 0000 000000";"kontakt+hg-bruckberg@example.invalid";"Stellv. Team hg-bruckberg";"+49 0000 000001";"stellv+hg-bruckberg@example.invalid";"Anonymisierte Mock-Kontaktdaten fuer oeffentliches Repo.";""
"Hegegemeinschaft Bruckberg";"hg-bruckberg";"Aichach";"revier-bruckberg-aichach";"HG-Team hg-bruckberg";"Hegegemeinschaftsleiter";"+49 0000 000000";"kontakt+hg-bruckberg@example.invalid";"Stellv. Team hg-bruckberg";"+49 0000 000001";"stellv+hg-bruckberg@example.invalid";"Anonymisierte Mock-Kontaktdaten fuer oeffentliches Repo.";""
"Hegegemeinschaft Bruckberg";"hg-bruckberg";"Forst (StJR)";"revier-bruckberg-forst-stjr";"HG-Team hg-bruckberg";"Hegegemeinschaftsleiter";"+49 0000 000000";"kontakt+hg-bruckberg@example.invalid";"Stellv. Team hg-bruckberg";"+49 0000 000001";"stellv+hg-bruckberg@example.invalid";"Anonymisierte Mock-Kontaktdaten fuer oeffentliches Repo.";""
"Hegegemeinschaft Bruckberg";"hg-bruckberg";"Haslacher Wald";"revier-bruckberg-haslacher-wald";"HG-Team hg-bruckberg";"Hegegemeinschaftsleiter";"+49 0000 000000";"kontakt+hg-bruckberg@example.invalid";"Stellv. Team hg-bruckberg";"+49 0000 000001";"stellv+hg-bruckberg@example.invalid";"Anonymisierte Mock-Kontaktdaten fuer oeffentliches Repo.";""
"Hegegemeinschaft Bruckberg";"hg-bruckberg";"Heegstall";"revier-bruckberg-heegstall";"HG-Team hg-bruckberg";"Hegegemeinschaftsleiter";"+49 0000 000000";"kontakt+hg-bruckberg@example.invalid";"Stellv. Team hg-bruckberg";"+49 0000 000001";"stellv+hg-bruckberg@example.invalid";"Anonymisierte Mock-Kontaktdaten fuer oeffentliches Repo.";""
"Hegegemeinschaft Bruckberg";"hg-bruckberg";"Schleißwald (StJR)";"revier-bruckberg-schleisswald-stjr";"HG-Team hg-bruckberg";"Hegegemeinschaftsleiter";"+49 0000 000000";"kontakt+hg-bruckberg@example.invalid";"Stellv. Team hg-bruckberg";"+49 0000 000001";"stellv+hg-bruckberg@example.invalid";"Anonymisierte Mock-Kontaktdaten fuer oeffentliches Repo.";""
"Hegegemeinschaft Flachslanden";"hg-flachslanden";"Flachslanden Nord";"revier-flachslanden-nord";"HG-Team hg-flachslanden";"Hegegemeinschaftsleiter";"+49 0000 000000";"kontakt+hg-flachslanden@example.invalid";"Stellv. Team hg-flachslanden";"+49 0000 000001";"stellv+hg-flachslanden@example.invalid";"Anonymisierte Mock-Kontaktdaten fuer oeffentliches Repo.";""
"Hegegemeinschaft Flachslanden";"hg-flachslanden";"Neustetten Nord";"revier-flachslanden-neustetten-nord";"HG-Team hg-flachslanden";"Hegegemeinschaftsleiter";"+49 0000 000000";"kontakt+hg-flachslanden@example.invalid";"Stellv. Team hg-flachslanden";"+49 0000 000001";"stellv+hg-flachslanden@example.invalid";"Anonymisierte Mock-Kontaktdaten fuer oeffentliches Repo.";""
"Hegegemeinschaft Flachslanden";"hg-flachslanden";"Kettenhöfstetten";"revier-flachslanden-kettenhoefstetten";"HG-Team hg-flachslanden";"Hegegemeinschaftsleiter";"+49 0000 000000";"kontakt+hg-flachslanden@example.invalid";"Stellv. Team hg-flachslanden";"+49 0000 000001";"stellv+hg-flachslanden@example.invalid";"Anonymisierte Mock-Kontaktdaten fuer oeffentliches Repo.";""
"Hegegemeinschaft Flachslanden";"hg-flachslanden";"Fachslanden Süd";"revier-flachslanden-fachslanden-sued";"HG-Team hg-flachslanden";"Hegegemeinschaftsleiter";"+49 0000 000000";"kontakt+hg-flachslanden@example.invalid";"Stellv. Team hg-flachslanden";"+49 0000 000001";"stellv+hg-flachslanden@example.invalid";"Anonymisierte Mock-Kontaktdaten fuer oeffentliches Repo.";""
"Hegegemeinschaft Flachslanden";"hg-flachslanden";"Gräfenbuch";"revier-flachslanden-graefenbuch";"HG-Team hg-flachslanden";"Hegegemeinschaftsleiter";"+49 0000 000000";"kontakt+hg-flachslanden@example.invalid";"Stellv. Team hg-flachslanden";"+49 0000 000001";"stellv+hg-flachslanden@example.invalid";"Anonymisierte Mock-Kontaktdaten fuer oeffentliches Repo.";""
"Hegegemeinschaft Flachslanden";"hg-flachslanden";"Mitteldachstetten";"revier-flachslanden-mitteldachstetten";"HG-Team hg-flachslanden";"Hegegemeinschaftsleiter";"+49 0000 000000";"kontakt+hg-flachslanden@example.invalid";"Stellv. Team hg-flachslanden";"+49 0000 000001";"stellv+hg-flachslanden@example.invalid";"Anonymisierte Mock-Kontaktdaten fuer oeffentliches Repo.";""
"Hegegemeinschaft Flachslanden";"hg-flachslanden";"Neustetten Süd";"revier-flachslanden-neustetten-sued";"HG-Team hg-flachslanden";"Hegegemeinschaftsleiter";"+49 0000 000000";"kontakt+hg-flachslanden@example.invalid";"Stellv. Team hg-flachslanden";"+49 0000 000001";"stellv+hg-flachslanden@example.invalid";"Anonymisierte Mock-Kontaktdaten fuer oeffentliches Repo.";""
"Hegegemeinschaft Flachslanden";"hg-flachslanden";"Sondernohe/Virnsberg";"revier-flachslanden-sondernohe-virnsberg";"HG-Team hg-flachslanden";"Hegegemeinschaftsleiter";"+49 0000 000000";"kontakt+hg-flachslanden@example.invalid";"Stellv. Team hg-flachslanden";"+49 0000 000001";"stellv+hg-flachslanden@example.invalid";"Anonymisierte Mock-Kontaktdaten fuer oeffentliches Repo.";""
"Hegegemeinschaft Flachslanden";"hg-flachslanden";"Neuwiesenschlag";"revier-flachslanden-neuwiesenschlag";"HG-Team hg-flachslanden";"Hegegemeinschaftsleiter";"+49 0000 000000";"kontakt+hg-flachslanden@example.invalid";"Stellv. Team hg-flachslanden";"+49 0000 000001";"stellv+hg-flachslanden@example.invalid";"Anonymisierte Mock-Kontaktdaten fuer oeffentliches Repo.";""
"Hegegemeinschaft Flachslanden";"hg-flachslanden";"Birkach";"revier-flachslanden-birkach";"HG-Team hg-flachslanden";"Hegegemeinschaftsleiter";"+49 0000 000000";"kontakt+hg-flachslanden@example.invalid";"Stellv. Team hg-flachslanden";"+49 0000 000001";"stellv+hg-flachslanden@example.invalid";"Anonymisierte Mock-Kontaktdaten fuer oeffentliches Repo.";""
"Hegegemeinschaft Flachslanden";"hg-flachslanden";"Felberg";"revier-flachslanden-felberg";"HG-Team hg-flachslanden";"Hegegemeinschaftsleiter";"+49 0000 000000";"kontakt+hg-flachslanden@example.invalid";"Stellv. Team hg-flachslanden";"+49 0000 000001";"stellv+hg-flachslanden@example.invalid";"Anonymisierte Mock-Kontaktdaten fuer oeffentliches Repo.";""
"Hegegemeinschaft Flachslanden";"hg-flachslanden";"Hochholz/Hessberg";"revier-flachslanden-hochholz-hessberg";"HG-Team hg-flachslanden";"Hegegemeinschaftsleiter";"+49 0000 000000";"kontakt+hg-flachslanden@example.invalid";"Stellv. Team hg-flachslanden";"+49 0000 000001";"stellv+hg-flachslanden@example.invalid";"Anonymisierte Mock-Kontaktdaten fuer oeffentliches Repo.";""
"Hegegemeinschaft Flachslanden";"hg-flachslanden";"Birkenfelser Forst";"revier-flachslanden-birkenfelser-forst";"HG-Team hg-flachslanden";"Hegegemeinschaftsleiter";"+49 0000 000000";"kontakt+hg-flachslanden@example.invalid";"Stellv. Team hg-flachslanden";"+49 0000 000001";"stellv+hg-flachslanden@example.invalid";"Anonymisierte Mock-Kontaktdaten fuer oeffentliches Repo.";""
"Hegegemeinschaft Rügland";"hg-ruegland";"Ebersdorf";"revier-ruegland-ebersdorf";"HG-Team hg-ruegland";"Hegegemeinschaftsleiter";"+49 0000 000000";"kontakt+hg-ruegland@example.invalid";"Stellv. Team hg-ruegland";"+49 0000 000001";"stellv+hg-ruegland@example.invalid";"Anonymisierte Mock-Kontaktdaten fuer oeffentliches Repo.";""
"Hegegemeinschaft Rügland";"hg-ruegland";"Haasgang";"revier-ruegland-haasgang";"HG-Team hg-ruegland";"Hegegemeinschaftsleiter";"+49 0000 000000";"kontakt+hg-ruegland@example.invalid";"Stellv. Team hg-ruegland";"+49 0000 000001";"stellv+hg-ruegland@example.invalid";"Anonymisierte Mock-Kontaktdaten fuer oeffentliches Repo.";""
"Hegegemeinschaft Rügland";"hg-ruegland";"Rügland";"revier-ruegland-ruegland-1";"HG-Team hg-ruegland";"Hegegemeinschaftsleiter";"+49 0000 000000";"kontakt+hg-ruegland@example.invalid";"Stellv. Team hg-ruegland";"+49 0000 000001";"stellv+hg-ruegland@example.invalid";"Anonymisierte Mock-Kontaktdaten fuer oeffentliches Repo.";""
"Hegegemeinschaft Rügland";"hg-ruegland";"Eigenjagd";"revier-ruegland-eigenjagd";"HG-Team hg-ruegland";"Hegegemeinschaftsleiter";"+49 0000 000000";"kontakt+hg-ruegland@example.invalid";"Stellv. Team hg-ruegland";"+49 0000 000001";"stellv+hg-ruegland@example.invalid";"Anonymisierte Mock-Kontaktdaten fuer oeffentliches Repo.";""
"Hegegemeinschaft Rügland";"hg-ruegland";"Rügland";"revier-ruegland-ruegland-2";"HG-Team hg-ruegland";"Hegegemeinschaftsleiter";"+49 0000 000000";"kontakt+hg-ruegland@example.invalid";"Stellv. Team hg-ruegland";"+49 0000 000001";"stellv+hg-ruegland@example.invalid";"Anonymisierte Mock-Kontaktdaten fuer oeffentliches Repo.";""
"Hegegemeinschaft Rügland";"hg-ruegland";"Unternbibert";"revier-ruegland-unternbibert";"HG-Team hg-ruegland";"Hegegemeinschaftsleiter";"+49 0000 000000";"kontakt+hg-ruegland@example.invalid";"Stellv. Team hg-ruegland";"+49 0000 000001";"stellv+hg-ruegland@example.invalid";"Anonymisierte Mock-Kontaktdaten fuer oeffentliches Repo.";""
"Hegegemeinschaft Rügland";"hg-ruegland";"Andorf";"revier-ruegland-andorf";"HG-Team hg-ruegland";"Hegegemeinschaftsleiter";"+49 0000 000000";"kontakt+hg-ruegland@example.invalid";"Stellv. Team hg-ruegland";"+49 0000 000001";"stellv+hg-ruegland@example.invalid";"Anonymisierte Mock-Kontaktdaten fuer oeffentliches Repo.";""
"Hegegemeinschaft Rügland";"hg-ruegland";"Fladengreuth";"revier-ruegland-fladengreuth";"HG-Team hg-ruegland";"Hegegemeinschaftsleiter";"+49 0000 000000";"kontakt+hg-ruegland@example.invalid";"Stellv. Team hg-ruegland";"+49 0000 000001";"stellv+hg-ruegland@example.invalid";"Anonymisierte Mock-Kontaktdaten fuer oeffentliches Repo.";""
"Hegegemeinschaft Dietenhofen";"hg-dietenhofen";"Adelmannsdorf";"revier-dietenhofen-adelmannsdorf";"HG-Team hg-dietenhofen";"Hegegemeinschaftsleiter";"+49 0000 000000";"kontakt+hg-dietenhofen@example.invalid";"Stellv. Team hg-dietenhofen";"+49 0000 000001";"stellv+hg-dietenhofen@example.invalid";"Anonymisierte Mock-Kontaktdaten fuer oeffentliches Repo.";""
"Hegegemeinschaft Dietenhofen";"hg-dietenhofen";"Dietenhofen";"revier-dietenhofen-dietenhofen";"HG-Team hg-dietenhofen";"Hegegemeinschaftsleiter";"+49 0000 000000";"kontakt+hg-dietenhofen@example.invalid";"Stellv. Team hg-dietenhofen";"+49 0000 000001";"stellv+hg-dietenhofen@example.invalid";"Anonymisierte Mock-Kontaktdaten fuer oeffentliches Repo.";""
"Hegegemeinschaft Dietenhofen";"hg-dietenhofen";"Götteldorf";"revier-dietenhofen-goetteldorf";"HG-Team hg-dietenhofen";"Hegegemeinschaftsleiter";"+49 0000 000000";"kontakt+hg-dietenhofen@example.invalid";"Stellv. Team hg-dietenhofen";"+49 0000 000001";"stellv+hg-dietenhofen@example.invalid";"Anonymisierte Mock-Kontaktdaten fuer oeffentliches Repo.";""
"Hegegemeinschaft Dietenhofen";"hg-dietenhofen";"Herpersdorf";"revier-dietenhofen-herpersdorf";"HG-Team hg-dietenhofen";"Hegegemeinschaftsleiter";"+49 0000 000000";"kontakt+hg-dietenhofen@example.invalid";"Stellv. Team hg-dietenhofen";"+49 0000 000001";"stellv+hg-dietenhofen@example.invalid";"Anonymisierte Mock-Kontaktdaten fuer oeffentliches Repo.";""
"Hegegemeinschaft Dietenhofen";"hg-dietenhofen";"Neudorf";"revier-dietenhofen-neudorf";"HG-Team hg-dietenhofen";"Hegegemeinschaftsleiter";"+49 0000 000000";"kontakt+hg-dietenhofen@example.invalid";"Stellv. Team hg-dietenhofen";"+49 0000 000001";"stellv+hg-dietenhofen@example.invalid";"Anonymisierte Mock-Kontaktdaten fuer oeffentliches Repo.";""
"Hegegemeinschaft Dietenhofen";"hg-dietenhofen";"Seubersdorf";"revier-dietenhofen-seubersdorf";"HG-Team hg-dietenhofen";"Hegegemeinschaftsleiter";"+49 0000 000000";"kontakt+hg-dietenhofen@example.invalid";"Stellv. Team hg-dietenhofen";"+49 0000 000001";"stellv+hg-dietenhofen@example.invalid";"Anonymisierte Mock-Kontaktdaten fuer oeffentliches Repo.";""
"Hegegemeinschaft Leutershausen";"hg-leutershausen";"Jochsberg";"revier-leutershausen-jochsberg";"HG-Team hg-leutershausen";"Hegegemeinschaftsleiter";"+49 0000 000000";"kontakt+hg-leutershausen@example.invalid";"Stellv. Team hg-leutershausen";"+49 0000 000001";"stellv+hg-leutershausen@example.invalid";"Anonymisierte Mock-Kontaktdaten fuer oeffentliches Repo.";""
"Hegegemeinschaft Leutershausen";"hg-leutershausen";"Rauenberg";"revier-leutershausen-rauenberg";"HG-Team hg-leutershausen";"Hegegemeinschaftsleiter";"+49 0000 000000";"kontakt+hg-leutershausen@example.invalid";"Stellv. Team hg-leutershausen";"+49 0000 000001";"stellv+hg-leutershausen@example.invalid";"Anonymisierte Mock-Kontaktdaten fuer oeffentliches Repo.";""
"Hegegemeinschaft Leutershausen";"hg-leutershausen";"Rammersdorf II";"revier-leutershausen-rammersdorf-2";"HG-Team hg-leutershausen";"Hegegemeinschaftsleiter";"+49 0000 000000";"kontakt+hg-leutershausen@example.invalid";"Stellv. Team hg-leutershausen";"+49 0000 000001";"stellv+hg-leutershausen@example.invalid";"Anonymisierte Mock-Kontaktdaten fuer oeffentliches Repo.";""
"Hegegemeinschaft Leutershausen";"hg-leutershausen";"Rauenbuch";"revier-leutershausen-rauenbuch";"HG-Team hg-leutershausen";"Hegegemeinschaftsleiter";"+49 0000 000000";"kontakt+hg-leutershausen@example.invalid";"Stellv. Team hg-leutershausen";"+49 0000 000001";"stellv+hg-leutershausen@example.invalid";"Anonymisierte Mock-Kontaktdaten fuer oeffentliches Repo.";""
"Hegegemeinschaft Leutershausen";"hg-leutershausen";"Neunkirchen";"revier-leutershausen-neunkirchen";"HG-Team hg-leutershausen";"Hegegemeinschaftsleiter";"+49 0000 000000";"kontakt+hg-leutershausen@example.invalid";"Stellv. Team hg-leutershausen";"+49 0000 000001";"stellv+hg-leutershausen@example.invalid";"Anonymisierte Mock-Kontaktdaten fuer oeffentliches Repo.";""
"Hegegemeinschaft Leutershausen";"hg-leutershausen";"Leutershausen";"revier-leutershausen-leutershausen";"HG-Team hg-leutershausen";"Hegegemeinschaftsleiter";"+49 0000 000000";"kontakt+hg-leutershausen@example.invalid";"Stellv. Team hg-leutershausen";"+49 0000 000001";"stellv+hg-leutershausen@example.invalid";"Anonymisierte Mock-Kontaktdaten fuer oeffentliches Repo.";""
"Hegegemeinschaft Leutershausen";"hg-leutershausen";"Erlbach";"revier-leutershausen-erlbach";"HG-Team hg-leutershausen";"Hegegemeinschaftsleiter";"+49 0000 000000";"kontakt+hg-leutershausen@example.invalid";"Stellv. Team hg-leutershausen";"+49 0000 000001";"stellv+hg-leutershausen@example.invalid";"Anonymisierte Mock-Kontaktdaten fuer oeffentliches Repo.";""
"Hegegemeinschaft Leutershausen";"hg-leutershausen";"Büchelberg";"revier-leutershausen-buechelberg";"HG-Team hg-leutershausen";"Hegegemeinschaftsleiter";"+49 0000 000000";"kontakt+hg-leutershausen@example.invalid";"Stellv. Team hg-leutershausen";"+49 0000 000001";"stellv+hg-leutershausen@example.invalid";"Anonymisierte Mock-Kontaktdaten fuer oeffentliches Repo.";""
"Hegegemeinschaft Lichtenau";"hg-lichtenau";"Aich";"revier-lichtenau-aich";"HG-Team hg-lichtenau";"Hegegemeinschaftsleiter";"+49 0000 000000";"kontakt+hg-lichtenau@example.invalid";"Stellv. Team hg-lichtenau";"+49 0000 000001";"stellv+hg-lichtenau@example.invalid";"Anonymisierte Mock-Kontaktdaten fuer oeffentliches Repo.";
"Hegegemeinschaft Lichtenau";"hg-lichtenau";"Alberndorf Nord";"revier-lichtenau-alberndorf-nord";"HG-Team hg-lichtenau";"Hegegemeinschaftsleiter";"+49 0000 000000";"kontakt+hg-lichtenau@example.invalid";"Stellv. Team hg-lichtenau";"+49 0000 000001";"stellv+hg-lichtenau@example.invalid";"Anonymisierte Mock-Kontaktdaten fuer oeffentliches Repo.";
"Hegegemeinschaft Lichtenau";"hg-lichtenau";"Alberndorf Süd";"revier-lichtenau-alberndorf-sued";"HG-Team hg-lichtenau";"Hegegemeinschaftsleiter";"+49 0000 000000";"kontakt+hg-lichtenau@example.invalid";"Stellv. Team hg-lichtenau";"+49 0000 000001";"stellv+hg-lichtenau@example.invalid";"Anonymisierte Mock-Kontaktdaten fuer oeffentliches Repo.";
"Hegegemeinschaft Lichtenau";"hg-lichtenau";"Altendettelsau";"revier-lichtenau-altendettelsau";"HG-Team hg-lichtenau";"Hegegemeinschaftsleiter";"+49 0000 000000";"kontakt+hg-lichtenau@example.invalid";"Stellv. Team hg-lichtenau";"+49 0000 000001";"stellv+hg-lichtenau@example.invalid";"Anonymisierte Mock-Kontaktdaten fuer oeffentliches Repo.";
"Hegegemeinschaft Lichtenau";"hg-lichtenau";"Bechhofen";"revier-lichtenau-bechhofen";"HG-Team hg-lichtenau";"Hegegemeinschaftsleiter";"+49 0000 000000";"kontakt+hg-lichtenau@example.invalid";"Stellv. Team hg-lichtenau";"+49 0000 000001";"stellv+hg-lichtenau@example.invalid";"Anonymisierte Mock-Kontaktdaten fuer oeffentliches Repo.";
"Hegegemeinschaft Lichtenau";"hg-lichtenau";"Fischbach";"revier-lichtenau-fischbach";"HG-Team hg-lichtenau";"Hegegemeinschaftsleiter";"+49 0000 000000";"kontakt+hg-lichtenau@example.invalid";"Stellv. Team hg-lichtenau";"+49 0000 000001";"stellv+hg-lichtenau@example.invalid";"Anonymisierte Mock-Kontaktdaten fuer oeffentliches Repo.";
"Hegegemeinschaft Lichtenau";"hg-lichtenau";"Herpersdorf";"revier-lichtenau-herpersdorf";"HG-Team hg-lichtenau";"Hegegemeinschaftsleiter";"+49 0000 000000";"kontakt+hg-lichtenau@example.invalid";"Stellv. Team hg-lichtenau";"+49 0000 000001";"stellv+hg-lichtenau@example.invalid";"Anonymisierte Mock-Kontaktdaten fuer oeffentliches Repo.";
"Hegegemeinschaft Lichtenau";"hg-lichtenau";"Immeldorf";"revier-lichtenau-immeldorf";"HG-Team hg-lichtenau";"Hegegemeinschaftsleiter";"+49 0000 000000";"kontakt+hg-lichtenau@example.invalid";"Stellv. Team hg-lichtenau";"+49 0000 000001";"stellv+hg-lichtenau@example.invalid";"Anonymisierte Mock-Kontaktdaten fuer oeffentliches Repo.";
"Hegegemeinschaft Lichtenau";"hg-lichtenau";"Lichtenau";"revier-lichtenau-lichtenau";"HG-Team hg-lichtenau";"Hegegemeinschaftsleiter";"+49 0000 000000";"kontakt+hg-lichtenau@example.invalid";"Stellv. Team hg-lichtenau";"+49 0000 000001";"stellv+hg-lichtenau@example.invalid";"Anonymisierte Mock-Kontaktdaten fuer oeffentliches Repo.";
"Hegegemeinschaft Lichtenau";"hg-lichtenau";"Malmersdorf";"revier-lichtenau-malmersdorf";"HG-Team hg-lichtenau";"Hegegemeinschaftsleiter";"+49 0000 000000";"kontakt+hg-lichtenau@example.invalid";"Stellv. Team hg-lichtenau";"+49 0000 000001";"stellv+hg-lichtenau@example.invalid";"Anonymisierte Mock-Kontaktdaten fuer oeffentliches Repo.";
"Hegegemeinschaft Lichtenau";"hg-lichtenau";"Oberrammersdorf";"revier-lichtenau-oberrammersdorf";"HG-Team hg-lichtenau";"Hegegemeinschaftsleiter";"+49 0000 000000";"kontakt+hg-lichtenau@example.invalid";"Stellv. Team hg-lichtenau";"+49 0000 000001";"stellv+hg-lichtenau@example.invalid";"Anonymisierte Mock-Kontaktdaten fuer oeffentliches Repo.";
"Hegegemeinschaft Lichtenau";"hg-lichtenau";"Petersaurach";"revier-lichtenau-petersaurach";"HG-Team hg-lichtenau";"Hegegemeinschaftsleiter";"+49 0000 000000";"kontakt+hg-lichtenau@example.invalid";"Stellv. Team hg-lichtenau";"+49 0000 000001";"stellv+hg-lichtenau@example.invalid";"Anonymisierte Mock-Kontaktdaten fuer oeffentliches Repo.";
"Hegegemeinschaft Lichtenau";"hg-lichtenau";"Ratzenwinden";"revier-lichtenau-ratzenwinden";"HG-Team hg-lichtenau";"Hegegemeinschaftsleiter";"+49 0000 000000";"kontakt+hg-lichtenau@example.invalid";"Stellv. Team hg-lichtenau";"+49 0000 000001";"stellv+hg-lichtenau@example.invalid";"Anonymisierte Mock-Kontaktdaten fuer oeffentliches Repo.";
"Hegegemeinschaft Lichtenau";"hg-lichtenau";"Schlauersbach";"revier-lichtenau-schlauersbach";"HG-Team hg-lichtenau";"Hegegemeinschaftsleiter";"+49 0000 000000";"kontakt+hg-lichtenau@example.invalid";"Stellv. Team hg-lichtenau";"+49 0000 000001";"stellv+hg-lichtenau@example.invalid";"Anonymisierte Mock-Kontaktdaten fuer oeffentliches Repo.";
"Hegegemeinschaft Lichtenau";"hg-lichtenau";"Unterrottmannsdorf";"revier-lichtenau-unterrottmannsdorf";"HG-Team hg-lichtenau";"Hegegemeinschaftsleiter";"+49 0000 000000";"kontakt+hg-lichtenau@example.invalid";"Stellv. Team hg-lichtenau";"+49 0000 000001";"stellv+hg-lichtenau@example.invalid";"Anonymisierte Mock-Kontaktdaten fuer oeffentliches Repo.";
"Hegegemeinschaft Lichtenau";"hg-lichtenau";"Volkersdorf";"revier-lichtenau-volkersdorf";"HG-Team hg-lichtenau";"Hegegemeinschaftsleiter";"+49 0000 000000";"kontakt+hg-lichtenau@example.invalid";"Stellv. Team hg-lichtenau";"+49 0000 000001";"stellv+hg-lichtenau@example.invalid";"Anonymisierte Mock-Kontaktdaten fuer oeffentliches Repo.";
"Hegegemeinschaft Lichtenau";"hg-lichtenau";"Wattenbach";"revier-lichtenau-wattenbach";"HG-Team hg-lichtenau";"Hegegemeinschaftsleiter";"+49 0000 000000";"kontakt+hg-lichtenau@example.invalid";"Stellv. Team hg-lichtenau";"+49 0000 000001";"stellv+hg-lichtenau@example.invalid";"Anonymisierte Mock-Kontaktdaten fuer oeffentliches Repo.";
"Hegegemeinschaft Lichtenau";"hg-lichtenau";"Staatsforst";"revier-lichtenau-staatsforst";"HG-Team hg-lichtenau";"Hegegemeinschaftsleiter";"+49 0000 000000";"kontakt+hg-lichtenau@example.invalid";"Stellv. Team hg-lichtenau";"+49 0000 000001";"stellv+hg-lichtenau@example.invalid";"Anonymisierte Mock-Kontaktdaten fuer oeffentliches Repo.";
"Hegegemeinschaft Lichtenau";"hg-lichtenau";"Neuendettelsau MUNA";"revier-lichtenau-neuendettelsau-muna";"HG-Team hg-lichtenau";"Hegegemeinschaftsleiter";"+49 0000 000000";"kontakt+hg-lichtenau@example.invalid";"Stellv. Team hg-lichtenau";"+49 0000 000001";"stellv+hg-lichtenau@example.invalid";"Anonymisierte Mock-Kontaktdaten fuer oeffentliches Repo.";
"Hegegemeinschaft Heilsbronn";"hg-heilsbronn";"Müncherlbach";"revier-heilsbronn-muencherlbach";"HG-Team hg-heilsbronn";"Hegegemeinschaftsleiter";"+49 0000 000000";"kontakt+hg-heilsbronn@example.invalid";"Stellv. Team hg-heilsbronn";"+49 0000 000001";"stellv+hg-heilsbronn@example.invalid";"Anonymisierte Mock-Kontaktdaten fuer oeffentliches Repo.";""
"Hegegemeinschaft Heilsbronn";"hg-heilsbronn";"Ketteldorf";"revier-heilsbronn-ketteldorf";"HG-Team hg-heilsbronn";"Hegegemeinschaftsleiter";"+49 0000 000000";"kontakt+hg-heilsbronn@example.invalid";"Stellv. Team hg-heilsbronn";"+49 0000 000001";"stellv+hg-heilsbronn@example.invalid";"Anonymisierte Mock-Kontaktdaten fuer oeffentliches Repo.";""
"Hegegemeinschaft Heilsbronn";"hg-heilsbronn";"Haag";"revier-heilsbronn-haag";"HG-Team hg-heilsbronn";"Hegegemeinschaftsleiter";"+49 0000 000000";"kontakt+hg-heilsbronn@example.invalid";"Stellv. Team hg-heilsbronn";"+49 0000 000001";"stellv+hg-heilsbronn@example.invalid";"Anonymisierte Mock-Kontaktdaten fuer oeffentliches Repo.";""
"Hegegemeinschaft Heilsbronn";"hg-heilsbronn";"Bürglein";"revier-heilsbronn-buerglein";"HG-Team hg-heilsbronn";"Hegegemeinschaftsleiter";"+49 0000 000000";"kontakt+hg-heilsbronn@example.invalid";"Stellv. Team hg-heilsbronn";"+49 0000 000001";"stellv+hg-heilsbronn@example.invalid";"Anonymisierte Mock-Kontaktdaten fuer oeffentliches Repo.";""
"Hegegemeinschaft Heilsbronn";"hg-heilsbronn";"Bonhof";"revier-heilsbronn-bonhof";"HG-Team hg-heilsbronn";"Hegegemeinschaftsleiter";"+49 0000 000000";"kontakt+hg-heilsbronn@example.invalid";"Stellv. Team hg-heilsbronn";"+49 0000 000001";"stellv+hg-heilsbronn@example.invalid";"Anonymisierte Mock-Kontaktdaten fuer oeffentliches Repo.";""
"Hegegemeinschaft Heilsbronn";"hg-heilsbronn";"Betzendorf";"revier-heilsbronn-betzendorf";"HG-Team hg-heilsbronn";"Hegegemeinschaftsleiter";"+49 0000 000000";"kontakt+hg-heilsbronn@example.invalid";"Stellv. Team hg-heilsbronn";"+49 0000 000001";"stellv+hg-heilsbronn@example.invalid";"Anonymisierte Mock-Kontaktdaten fuer oeffentliches Repo.";""
"Hegegemeinschaft Heilsbronn";"hg-heilsbronn";"Lindach";"revier-heilsbronn-lindach";"HG-Team hg-heilsbronn";"Hegegemeinschaftsleiter";"+49 0000 000000";"kontakt+hg-heilsbronn@example.invalid";"Stellv. Team hg-heilsbronn";"+49 0000 000001";"stellv+hg-heilsbronn@example.invalid";"Anonymisierte Mock-Kontaktdaten fuer oeffentliches Repo.";""
"Hegegemeinschaft Heilsbronn";"hg-heilsbronn";"Klosterwald";"revier-heilsbronn-klosterwald";"HG-Team hg-heilsbronn";"Hegegemeinschaftsleiter";"+49 0000 000000";"kontakt+hg-heilsbronn@example.invalid";"Stellv. Team hg-heilsbronn";"+49 0000 000001";"stellv+hg-heilsbronn@example.invalid";"Anonymisierte Mock-Kontaktdaten fuer oeffentliches Repo.";""
"Hegegemeinschaft Heilsbronn";"hg-heilsbronn";"Wollersdorf";"revier-heilsbronn-wollersdorf";"HG-Team hg-heilsbronn";"Hegegemeinschaftsleiter";"+49 0000 000000";"kontakt+hg-heilsbronn@example.invalid";"Stellv. Team hg-heilsbronn";"+49 0000 000001";"stellv+hg-heilsbronn@example.invalid";"Anonymisierte Mock-Kontaktdaten fuer oeffentliches Repo.";""
"Hegegemeinschaft Heilsbronn";"hg-heilsbronn";"Weiterndorf";"revier-heilsbronn-weiterndorf";"HG-Team hg-heilsbronn";"Hegegemeinschaftsleiter";"+49 0000 000000";"kontakt+hg-heilsbronn@example.invalid";"Stellv. Team hg-heilsbronn";"+49 0000 000001";"stellv+hg-heilsbronn@example.invalid";"Anonymisierte Mock-Kontaktdaten fuer oeffentliches Repo.";""
"Hegegemeinschaft Heilsbronn";"hg-heilsbronn";"Weißenbronn";"revier-heilsbronn-weissenbronn";"HG-Team hg-heilsbronn";"Hegegemeinschaftsleiter";"+49 0000 000000";"kontakt+hg-heilsbronn@example.invalid";"Stellv. Team hg-heilsbronn";"+49 0000 000001";"stellv+hg-heilsbronn@example.invalid";"Anonymisierte Mock-Kontaktdaten fuer oeffentliches Repo.";""
"Hegegemeinschaft Heilsbronn";"hg-heilsbronn";"Seitendorf";"revier-heilsbronn-seitendorf";"HG-Team hg-heilsbronn";"Hegegemeinschaftsleiter";"+49 0000 000000";"kontakt+hg-heilsbronn@example.invalid";"Stellv. Team hg-heilsbronn";"+49 0000 000001";"stellv+hg-heilsbronn@example.invalid";"Anonymisierte Mock-Kontaktdaten fuer oeffentliches Repo.";""
"Hegegemeinschaft Heilsbronn";"hg-heilsbronn";"Neuendettelsau";"revier-heilsbronn-neuendettelsau";"HG-Team hg-heilsbronn";"Hegegemeinschaftsleiter";"+49 0000 000000";"kontakt+hg-heilsbronn@example.invalid";"Stellv. Team hg-heilsbronn";"+49 0000 000001";"stellv+hg-heilsbronn@example.invalid";"Anonymisierte Mock-Kontaktdaten fuer oeffentliches Repo.";""
"Hegegemeinschaft Wolframs-Eschenbach";"hg-wolframs-eschenbach";"Merkendorf";"revier-wolframs-eschenbach-merkendorf";"HG-Team hg-wolframs-eschenbach";"Hegegemeinschaftsleiter";"+49 0000 000000";"kontakt+hg-wolframs-eschenbach@example.invalid";"Stellv. Team hg-wolframs-eschenbach";"+49 0000 000001";"stellv+hg-wolframs-eschenbach@example.invalid";"Anonymisierte Mock-Kontaktdaten fuer oeffentliches Repo.";""
"Hegegemeinschaft Wolframs-Eschenbach";"hg-wolframs-eschenbach";"Weizendorf";"revier-wolframs-eschenbach-weizendorf";"HG-Team hg-wolframs-eschenbach";"Hegegemeinschaftsleiter";"+49 0000 000000";"kontakt+hg-wolframs-eschenbach@example.invalid";"Stellv. Team hg-wolframs-eschenbach";"+49 0000 000001";"stellv+hg-wolframs-eschenbach@example.invalid";"Anonymisierte Mock-Kontaktdaten fuer oeffentliches Repo.";""
"Hegegemeinschaft Wolframs-Eschenbach";"hg-wolframs-eschenbach";"Wolframs-Eschenbach";"revier-wolframs-eschenbach-wolframs-eschenbach";"HG-Team hg-wolframs-eschenbach";"Hegegemeinschaftsleiter";"+49 0000 000000";"kontakt+hg-wolframs-eschenbach@example.invalid";"Stellv. Team hg-wolframs-eschenbach";"+49 0000 000001";"stellv+hg-wolframs-eschenbach@example.invalid";"Anonymisierte Mock-Kontaktdaten fuer oeffentliches Repo.";""
"Hegegemeinschaft Wolframs-Eschenbach";"hg-wolframs-eschenbach";"Selgenstadt";"revier-wolframs-eschenbach-selgenstadt";"HG-Team hg-wolframs-eschenbach";"Hegegemeinschaftsleiter";"+49 0000 000000";"kontakt+hg-wolframs-eschenbach@example.invalid";"Stellv. Team hg-wolframs-eschenbach";"+49 0000 000001";"stellv+hg-wolframs-eschenbach@example.invalid";"Anonymisierte Mock-Kontaktdaten fuer oeffentliches Repo.";""
"Hegegemeinschaft Wolframs-Eschenbach";"hg-wolframs-eschenbach";"Reutern Nord";"revier-wolframs-eschenbach-reutern-nord";"HG-Team hg-wolframs-eschenbach";"Hegegemeinschaftsleiter";"+49 0000 000000";"kontakt+hg-wolframs-eschenbach@example.invalid";"Stellv. Team hg-wolframs-eschenbach";"+49 0000 000001";"stellv+hg-wolframs-eschenbach@example.invalid";"Anonymisierte Mock-Kontaktdaten fuer oeffentliches Repo.";""
"Hegegemeinschaft Wolframs-Eschenbach";"hg-wolframs-eschenbach";"Reutern Süd";"revier-wolframs-eschenbach-reutern-sued";"HG-Team hg-wolframs-eschenbach";"Hegegemeinschaftsleiter";"+49 0000 000000";"kontakt+hg-wolframs-eschenbach@example.invalid";"Stellv. Team hg-wolframs-eschenbach";"+49 0000 000001";"stellv+hg-wolframs-eschenbach@example.invalid";"Anonymisierte Mock-Kontaktdaten fuer oeffentliches Repo.";""
"Hegegemeinschaft Wolframs-Eschenbach";"hg-wolframs-eschenbach";"Mitteleschenbach";"revier-wolframs-eschenbach-mitteleschenbach";"HG-Team hg-wolframs-eschenbach";"Hegegemeinschaftsleiter";"+49 0000 000000";"kontakt+hg-wolframs-eschenbach@example.invalid";"Stellv. Team hg-wolframs-eschenbach";"+49 0000 000001";"stellv+hg-wolframs-eschenbach@example.invalid";"Anonymisierte Mock-Kontaktdaten fuer oeffentliches Repo.";""
"Hegegemeinschaft Wolframs-Eschenbach";"hg-wolframs-eschenbach";"Ismannsdorf";"revier-wolframs-eschenbach-ismannsdorf";"HG-Team hg-wolframs-eschenbach";"Hegegemeinschaftsleiter";"+49 0000 000000";"kontakt+hg-wolframs-eschenbach@example.invalid";"Stellv. Team hg-wolframs-eschenbach";"+49 0000 000001";"stellv+hg-wolframs-eschenbach@example.invalid";"Anonymisierte Mock-Kontaktdaten fuer oeffentliches Repo.";""
"Hegegemeinschaft Wolframs-Eschenbach";"hg-wolframs-eschenbach";"Hirschlach";"revier-wolframs-eschenbach-hirschlach";"HG-Team hg-wolframs-eschenbach";"Hegegemeinschaftsleiter";"+49 0000 000000";"kontakt+hg-wolframs-eschenbach@example.invalid";"Stellv. Team hg-wolframs-eschenbach";"+49 0000 000001";"stellv+hg-wolframs-eschenbach@example.invalid";"Anonymisierte Mock-Kontaktdaten fuer oeffentliches Repo.";""
"Hegegemeinschaft Wolframs-Eschenbach";"hg-wolframs-eschenbach";"Biederbach";"revier-wolframs-eschenbach-biederbach";"HG-Team hg-wolframs-eschenbach";"Hegegemeinschaftsleiter";"+49 0000 000000";"kontakt+hg-wolframs-eschenbach@example.invalid";"Stellv. Team hg-wolframs-eschenbach";"+49 0000 000001";"stellv+hg-wolframs-eschenbach@example.invalid";"Anonymisierte Mock-Kontaktdaten fuer oeffentliches Repo.";""
"Hegegemeinschaft Windsbach";"hg-windsbach";"Windsbach";"revier-windsbach-windsbach";"HG-Team hg-windsbach";"Hegegemeinschaftsleiter";"+49 0000 000000";"kontakt+hg-windsbach@example.invalid";"Stellv. Team hg-windsbach";"+49 0000 000001";"stellv+hg-windsbach@example.invalid";"Anonymisierte Mock-Kontaktdaten fuer oeffentliches Repo.";""
"Hegegemeinschaft Windsbach";"hg-windsbach";"Elpersdorf";"revier-windsbach-elpersdorf";"HG-Team hg-windsbach";"Hegegemeinschaftsleiter";"+49 0000 000000";"kontakt+hg-windsbach@example.invalid";"Stellv. Team hg-windsbach";"+49 0000 000001";"stellv+hg-windsbach@example.invalid";"Anonymisierte Mock-Kontaktdaten fuer oeffentliches Repo.";""
"Hegegemeinschaft Windsbach";"hg-windsbach";"Untereschenbach";"revier-windsbach-untereschenbach";"HG-Team hg-windsbach";"Hegegemeinschaftsleiter";"+49 0000 000000";"kontakt+hg-windsbach@example.invalid";"Stellv. Team hg-windsbach";"+49 0000 000001";"stellv+hg-windsbach@example.invalid";"Anonymisierte Mock-Kontaktdaten fuer oeffentliches Repo.";""
"Hegegemeinschaft Windsbach";"hg-windsbach";"Winkelhaid";"revier-windsbach-winkelhaid";"HG-Team hg-windsbach";"Hegegemeinschaftsleiter";"+49 0000 000000";"kontakt+hg-windsbach@example.invalid";"Stellv. Team hg-windsbach";"+49 0000 000001";"stellv+hg-windsbach@example.invalid";"Anonymisierte Mock-Kontaktdaten fuer oeffentliches Repo.";""
"Hegegemeinschaft Windsbach";"hg-windsbach";"Hegersbach";"revier-windsbach-hegersbach";"HG-Team hg-windsbach";"Hegegemeinschaftsleiter";"+49 0000 000000";"kontakt+hg-windsbach@example.invalid";"Stellv. Team hg-windsbach";"+49 0000 000001";"stellv+hg-windsbach@example.invalid";"Anonymisierte Mock-Kontaktdaten fuer oeffentliches Repo.";""
"Hegegemeinschaft Windsbach";"hg-windsbach";"Retzendorf";"revier-windsbach-retzendorf";"HG-Team hg-windsbach";"Hegegemeinschaftsleiter";"+49 0000 000000";"kontakt+hg-windsbach@example.invalid";"Stellv. Team hg-windsbach";"+49 0000 000001";"stellv+hg-windsbach@example.invalid";"Anonymisierte Mock-Kontaktdaten fuer oeffentliches Repo.";""
"Hegegemeinschaft Windsbach";"hg-windsbach";"Suddersdorf";"revier-windsbach-suddersdorf";"HG-Team hg-windsbach";"Hegegemeinschaftsleiter";"+49 0000 000000";"kontakt+hg-windsbach@example.invalid";"Stellv. Team hg-windsbach";"+49 0000 000001";"stellv+hg-windsbach@example.invalid";"Anonymisierte Mock-Kontaktdaten fuer oeffentliches Repo.";""
"Hegegemeinschaft Windsbach";"hg-windsbach";"Bertholdsdorf";"revier-windsbach-bertholdsdorf";"HG-Team hg-windsbach";"Hegegemeinschaftsleiter";"+49 0000 000000";"kontakt+hg-windsbach@example.invalid";"Stellv. Team hg-windsbach";"+49 0000 000001";"stellv+hg-windsbach@example.invalid";"Anonymisierte Mock-Kontaktdaten fuer oeffentliches Repo.";""
"Hegegemeinschaft Windsbach";"hg-windsbach";"Moosbach";"revier-windsbach-moosbach";"HG-Team hg-windsbach";"Hegegemeinschaftsleiter";"+49 0000 000000";"kontakt+hg-windsbach@example.invalid";"Stellv. Team hg-windsbach";"+49 0000 000001";"stellv+hg-windsbach@example.invalid";"Anonymisierte Mock-Kontaktdaten fuer oeffentliches Repo.";""
"Hegegemeinschaft Windsbach";"hg-windsbach";"Wernsbach";"revier-windsbach-wernsbach";"HG-Team hg-windsbach";"Hegegemeinschaftsleiter";"+49 0000 000000";"kontakt+hg-windsbach@example.invalid";"Stellv. Team hg-windsbach";"+49 0000 000001";"stellv+hg-windsbach@example.invalid";"Anonymisierte Mock-Kontaktdaten fuer oeffentliches Repo.";""
"Hegegemeinschaft Windsbach";"hg-windsbach";"Prünst";"revier-windsbach-pruenst";"HG-Team hg-windsbach";"Hegegemeinschaftsleiter";"+49 0000 000000";"kontakt+hg-windsbach@example.invalid";"Stellv. Team hg-windsbach";"+49 0000 000001";"stellv+hg-windsbach@example.invalid";"Anonymisierte Mock-Kontaktdaten fuer oeffentliches Repo.";""
"Hegegemeinschaft Windsbach";"hg-windsbach";"Brunn";"revier-windsbach-brunn";"HG-Team hg-windsbach";"Hegegemeinschaftsleiter";"+49 0000 000000";"kontakt+hg-windsbach@example.invalid";"Stellv. Team hg-windsbach";"+49 0000 000001";"stellv+hg-windsbach@example.invalid";"Anonymisierte Mock-Kontaktdaten fuer oeffentliches Repo.";""
"Hegegemeinschaft Windsbach";"hg-windsbach";"Veitsaurach";"revier-windsbach-veitsaurach";"HG-Team hg-windsbach";"Hegegemeinschaftsleiter";"+49 0000 000000";"kontakt+hg-windsbach@example.invalid";"Stellv. Team hg-windsbach";"+49 0000 000001";"stellv+hg-windsbach@example.invalid";"Anonymisierte Mock-Kontaktdaten fuer oeffentliches Repo.";""
"Hegegemeinschaft Windsbach";"hg-windsbach";"Sauernheim";"revier-windsbach-sauernheim";"HG-Team hg-windsbach";"Hegegemeinschaftsleiter";"+49 0000 000000";"kontakt+hg-windsbach@example.invalid";"Stellv. Team hg-windsbach";"+49 0000 000001";"stellv+hg-windsbach@example.invalid";"Anonymisierte Mock-Kontaktdaten fuer oeffentliches Repo.";""
"Hegegemeinschaft Windsbach";"hg-windsbach";"Neuses";"revier-windsbach-neuses";"HG-Team hg-windsbach";"Hegegemeinschaftsleiter";"+49 0000 000000";"kontakt+hg-windsbach@example.invalid";"Stellv. Team hg-windsbach";"+49 0000 000001";"stellv+hg-windsbach@example.invalid";"Anonymisierte Mock-Kontaktdaten fuer oeffentliches Repo.";""
